hole 1,hole 2,winrate
2c,2d,0.58286
2c,2h,0.582845
2c,2s,0.583705
2c,3c,0.29451
2c,3d,0.27499
2c,3h,0.2734
2c,3s,0.272825
2c,4c,0.31035
2c,4d,0.28693
2c,4h,0.288505
2c,4s,0.283435
2c,5c,0.325235
2c,5d,0.299845
2c,5h,0.30331
2c,5s,0.302615
2c,6c,0.330875
2c,6d,0.311985
2c,6h,0.31035
2c,6s,0.309905
2c,7c,0.34675
2c,7d,0.325395
2c,7h,0.326385
2c,7s,0.32691
2c,8c,0.37035
2c,8d,0.349945
2c,8h,0.353045
2c,8s,0.35109
2c,9c,0.399625
2c,9d,0.379025
2c,9h,0.37951
2c,9s,0.381335
2c,Tc,0.4329
2c,Td,0.41562
2c,Th,0.40978
2c,Ts,0.41204
2c,Jc,0.465145
2c,Jd,0.450655
2c,Jh,0.448085
2c,Js,0.45052
2c,Qc,0.50501
2c,Qd,0.487255
2c,Qh,0.490965
2c,Qs,0.489885
2c,Kc,0.54606
2c,Kd,0.531095
2c,Kh,0.531645
2c,Ks,0.53138
2c,Ac,0.598725
2c,Ad,0.58627
2c,Ah,0.58709
2c,As,0.588555
2d,2h,0.58508
2d,2s,0.58251
2d,3c,0.2712
2d,3d,0.296805
2d,3h,0.27333
2d,3s,0.274825
2d,4c,0.288815
2d,4d,0.309175
2d,4h,0.288665
2d,4s,0.287465
2d,5c,0.299525
2d,5d,0.32287
2d,5h,0.30183
2d,5s,0.30022
2d,6c,0.312245
2d,6d,0.33362
2d,6h,0.311085
2d,6s,0.31313
2d,7c,0.328935
2d,7d,0.344145
2d,7h,0.325165
2d,7s,0.326245
2d,8c,0.35293
2d,8d,0.37134
2d,8h,0.353605
2d,8s,0.352455
2d,9c,0.378735
2d,9d,0.39921
2d,9h,0.376865
2d,9s,0.380545
2d,Tc,0.41156
2d,Td,0.43237
2d,Th,0.41489
2d,Ts,0.413705
2d,Jc,0.45205
2d,Jd,0.46543
2d,Jh,0.449795
2d,Js,0.447105
2d,Qc,0.48748
2d,Qd,0.50626
2d,Qh,0.48813
2d,Qs,0.49002
2d,Kc,0.53086
2d,Kd,0.549715
2d,Kh,0.530515
2d,Ks,0.53348
2d,Ac,0.584635
2d,Ad,0.600365
2d,Ah,0.584085
2d,As,0.583085
2h,2s,0.582445
2h,3c,0.272895
2h,3d,0.274325
2h,3h,0.29774
2h,3s,0.27603
2h,4c,0.28396
2h,4d,0.28555
2h,4h,0.30666
2h,4s,0.28646
2h,5c,0.300805
2h,5d,0.29991
2h,5h,0.3247
2h,5s,0.29847
2h,6c,0.31221
2h,6d,0.309025
2h,6h,0.33438
2h,6s,0.310925
2h,7c,0.326035
2h,7d,0.325435
2h,7h,0.346335
2h,7s,0.32507
2h,8c,0.35294
2h,8d,0.35036
2h,8h,0.370745
2h,8s,0.35371
2h,9c,0.380425
2h,9d,0.383635
2h,9h,0.39982
2h,9s,0.38245
2h,Tc,0.40986
2h,Td,0.41127
2h,Th,0.431605
2h,Ts,0.41096
2h,Jc,0.44628
2h,Jd,0.44555
2h,Jh,0.463665
2h,Js,0.44609
2h,Qc,0.48761
2h,Qd,0.490835
2h,Qh,0.50622
2h,Qs,0.48792
2h,Kc,0.532885
2h,Kd,0.532455
2h,Kh,0.548475
2h,Ks,0.53018
2h,Ac,0.585875
2h,Ad,0.588015
2h,Ah,0.596125
2h,As,0.58524
2s,3c,0.27234
2s,3d,0.27394
2s,3h,0.27418
2s,3s,0.296075
2s,4c,0.28537
2s,4d,0.2875
2s,4h,0.28526
2s,4s,0.30606
2s,5c,0.302855
2s,5d,0.299275
2s,5h,0.30144
2s,5s,0.31978
2s,6c,0.312165
2s,6d,0.31153
2s,6h,0.312415
2s,6s,0.33432
2s,7c,0.324455
2s,7d,0.327065
2s,7h,0.323635
2s,7s,0.34641
2s,8c,0.35083
2s,8d,0.35398
2s,8h,0.352415
2s,8s,0.371055
2s,9c,0.377455
2s,9d,0.382175
2s,9h,0.378415
2s,9s,0.3993
2s,Tc,0.41249
2s,Td,0.41313
2s,Th,0.4138
2s,Ts,0.432975
2s,Jc,0.447455
2s,Jd,0.45145
2s,Jh,0.449485
2s,Js,0.466895
2s,Qc,0.487455
2s,Qd,0.48896
2s,Qh,0.488915
2s,Qs,0.506345
2s,Kc,0.534465
2s,Kd,0.52915
2s,Kh,0.533975
2s,Ks,0.549565
2s,Ac,0.58717
2s,Ad,0.583025
2s,Ah,0.586935
2s,As,0.60042
3c,3d,0.613165
3c,3h,0.614195
3c,3s,0.611785
3c,4c,0.319975
3c,4d,0.29572
3c,4h,0.29998
3c,4s,0.297495
3c,5c,0.335025
3c,5d,0.31357
3c,5h,0.314915
3c,5s,0.314375
3c,6c,0.346455
3c,6d,0.324145
3c,6h,0.32468
3c,6s,0.326365
3c,7c,0.359255
3c,7d,0.33733
3c,7h,0.336925
3c,7s,0.34138
3c,8c,0.37589
3c,8d,0.35559
3c,8h,0.357045
3c,8s,0.3563
3c,9c,0.4053
3c,9d,0.384915
3c,9h,0.386865
3c,9s,0.385735
3c,Tc,0.43633
3c,Td,0.418255
3c,Th,0.41921
3c,Ts,0.41901
3c,Jc,0.47334
3c,Jd,0.45435
3c,Jh,0.452165
3c,Js,0.453105
3c,Qc,0.509685
3c,Qd,0.495385
3c,Qh,0.492755
3c,Qs,0.49227
3c,Kc,0.551865
3c,Kd,0.536255
3c,Kh,0.540475
3c,Ks,0.53749
3c,Ac,0.60547
3c,Ad,0.59032
3c,Ah,0.58811
3c,As,0.58905
3d,3h,0.61089
3d,3s,0.6104
3d,4c,0.296775
3d,4d,0.322015
3d,4h,0.298865
3d,4s,0.297985
3d,5c,0.31376
3d,5d,0.33658
3d,5h,0.31381
3d,5s,0.31436
3d,6c,0.32267
3d,6d,0.343245
3d,6h,0.325705
3d,6s,0.32502
3d,7c,0.336995
3d,7d,0.35674
3d,7h,0.339175
3d,7s,0.33695
3d,8c,0.358225
3d,8d,0.37944
3d,8h,0.35679
3d,8s,0.35754
3d,9c,0.38435
3d,9d,0.40661
3d,9h,0.3859
3d,9s,0.3872
3d,Tc,0.419625
3d,Td,0.437495
3d,Th,0.41988
3d,Ts,0.41884
3d,Jc,0.454555
3d,Jd,0.47163
3d,Jh,0.451835
3d,Js,0.45474
3d,Qc,0.495155
3d,Qd,0.51016
3d,Qh,0.492475
3d,Qs,0.495315
3d,Kc,0.53715
3d,Kd,0.553015
3d,Kh,0.53493
3d,Ks,0.537395
3d,Ac,0.58792
3d,Ad,0.605905
3d,Ah,0.59199
3d,As,0.58957
3h,3s,0.611365
3h,4c,0.29889
3h,4d,0.302525
3h,4h,0.320885
3h,4s,0.29952
3h,5c,0.314505
3h,5d,0.31524
3h,5h,0.335345
3h,5s,0.314605
3h,6c,0.32421
3h,6d,0.32386
3h,6h,0.34495
3h,6s,0.325215
3h,7c,0.337145
3h,7d,0.33948
3h,7h,0.361025
3h,7s,0.33812
3h,8c,0.35997
3h,8d,0.358975
3h,8h,0.377675
3h,8s,0.356455
3h,9c,0.388995
3h,9d,0.38698
3h,9h,0.40539
3h,9s,0.387115
3h,Tc,0.41733
3h,Td,0.41756
3h,Th,0.43886
3h,Ts,0.41948
3h,Jc,0.454085
3h,Jd,0.454885
3h,Jh,0.4719
3h,Js,0.45445
3h,Qc,0.495575
3h,Qd,0.493365
3h,Qh,0.509335
3h,Qs,0.49233
3h,Kc,0.538705
3h,Kd,0.540975
3h,Kh,0.553655
3h,Ks,0.538895
3h,Ac,0.59145
3h,Ad,0.59144
3h,Ah,0.605455
3h,As,0.59269
3s,4c,0.29709
3s,4d,0.30089
3s,4h,0.300965
3s,4s,0.32267
3s,5c,0.315925
3s,5d,0.315195
3s,5h,0.31695
3s,5s,0.336395
3s,6c,0.3257
3s,6d,0.32493
3s,6h,0.32337
3s,6s,0.347245
3s,7c,0.338565
3s,7d,0.338155
3s,7h,0.340355
3s,7s,0.35754
3s,8c,0.356755
3s,8d,0.356775
3s,8h,0.356145
3s,8s,0.376545
3s,9c,0.386585
3s,9d,0.38915
3s,9h,0.383495
3s,9s,0.40386
3s,Tc,0.4175
3s,Td,0.422265
3s,Th,0.418645
3s,Ts,0.437475
3s,Jc,0.454
3s,Jd,0.45424
3s,Jh,0.45144
3s,Js,0.47131
3s,Qc,0.494055
3s,Qd,0.4978
3s,Qh,0.494565
3s,Qs,0.513655
3s,Kc,0.537955
3s,Kd,0.53912
3s,Kh,0.53873
3s,Ks,0.553865
3s,Ac,0.594215
3s,Ad,0.59225
3s,Ah,0.59189
3s,As,0.60497
4c,4d,0.64055
4c,4h,0.642735
4c,4s,0.64207
4c,5c,0.351585
4c,5d,0.33061
4c,5h,0.33073
4c,5s,0.332465
4c,6c,0.35699
4c,6d,0.338955
4c,6h,0.340085
4c,6s,0.33961
4c,7c,0.374785
4c,7d,0.3549
4c,7h,0.353895
4c,7s,0.352795
4c,8c,0.38976
4c,8d,0.37099
4c,8h,0.37027
4c,8s,0.37307
4c,9c,0.410645
4c,9d,0.394765
4c,9h,0.395765
4c,9s,0.39542
4c,Tc,0.444935
4c,Td,0.429175
4c,Th,0.427635
4c,Ts,0.424705
4c,Jc,0.4785
4c,Jd,0.466045
4c,Jh,0.465215
4c,Js,0.46314
4c,Qc,0.51981
4c,Qd,0.502505
4c,Qh,0.500975
4c,Qs,0.49935
4c,Kc,0.561125
4c,Kd,0.543915
4c,Kh,0.548665
4c,Ks,0.545565
4c,Ac,0.611235
4c,Ad,0.60032
4c,Ah,0.59879
4c,As,0.59919
4d,4h,0.64189
4d,4s,0.63968
4d,5c,0.329395
4d,5d,0.34997
4d,5h,0.33156
4d,5s,0.330465
4d,6c,0.34041
4d,6d,0.36408
4d,6h,0.34021
4d,6s,0.34006
4d,7c,0.355205
4d,7d,0.374335
4d,7h,0.35669
4d,7s,0.354
4d,8c,0.37256
4d,8d,0.39552
4d,8h,0.37139
4d,8s,0.37099
4d,9c,0.392655
4d,9d,0.41051
4d,9h,0.393105
4d,9s,0.392595
4d,Tc,0.42487
4d,Td,0.444535
4d,Th,0.42486
4d,Ts,0.43026
4d,Jc,0.46316
4d,Jd,0.48084
4d,Jh,0.46246
4d,Js,0.46317
4d,Qc,0.504645
4d,Qd,0.51972
4d,Qh,0.50258
4d,Qs,0.50353
4d,Kc,0.54508
4d,Kd,0.55951
4d,Kh,0.54693
4d,Ks,0.547135
4d,Ac,0.599935
4d,Ad,0.609975
4d,Ah,0.59703
4d,As,0.60073
4h,4s,0.642985
4h,5c,0.330985
4h,5d,0.33036
4h,5h,0.348135
4h,5s,0.328625
4h,6c,0.343535
4h,6d,0.340105
4h,6h,0.35898
4h,6s,0.339685
4h,7c,0.354405
4h,7d,0.35264
4h,7h,0.372725
4h,7s,0.35331
4h,8c,0.37277
4h,8d,0.372975
4h,8h,0.39179
4h,8s,0.371125
4h,9c,0.39689
4h,9d,0.39312
4h,9h,0.41152
4h,9s,0.39436
4h,Tc,0.42727
4h,Td,0.4267
4h,Th,0.443705
4h,Ts,0.42553
4h,Jc,0.46302
4h,Jd,0.46408
4h,Jh,0.48178
4h,Js,0.46485
4h,Qc,0.50271
4h,Qd,0.500855
4h,Qh,0.518105
4h,Qs,0.501935
4h,Kc,0.547815
4h,Kd,0.54905
4h,Kh,0.55863
4h,Ks,0.54643
4h,Ac,0.600835
4h,Ad,0.598205
4h,Ah,0.61047
4h,As,0.59831
4s,5c,0.33212
4s,5d,0.32892
4s,5h,0.33206
4s,5s,0.351845
4s,6c,0.337895
4s,6d,0.339165
4s,6h,0.34022
4s,6s,0.360725
4s,7c,0.35345
4s,7d,0.35411
4s,7h,0.351625
4s,7s,0.37473
4s,8c,0.371715
4s,8d,0.37266
4s,8h,0.37246
4s,8s,0.39316
4s,9c,0.39291
4s,9d,0.392975
4s,9h,0.394435
4s,9s,0.407865
4s,Tc,0.428745
4s,Td,0.430425
4s,Th,0.424395
4s,Ts,0.44394
4s,Jc,0.463565
4s,Jd,0.46369
4s,Jh,0.46481
4s,Js,0.476395
4s,Qc,0.50212
4s,Qd,0.503065
4s,Qh,0.50215
4s,Qs,0.52011
4s,Kc,0.5464
4s,Kd,0.54939
4s,Kh,0.54513
4s,Ks,0.559915
4s,Ac,0.600375
4s,Ad,0.600205
4s,Ah,0.600995
4s,As,0.61297
5c,5d,0.67315
5c,5h,0.66575
5c,5s,0.66905
5c,6c,0.376515
5c,6d,0.353655
5c,6h,0.35759
5c,6s,0.356125
5c,7c,0.392395
5c,7d,0.36846
5c,7h,0.37128
5c,7s,0.371405
5c,8c,0.406145
5c,8d,0.38735
5c,8h,0.387045
5c,8s,0.38911
5c,9c,0.42837
5c,9d,0.41057
5c,9h,0.41245
5c,9s,0.41168
5c,Tc,0.4557
5c,Td,0.43566
5c,Th,0.43595
5c,Ts,0.437145
5c,Jc,0.48948
5c,Jd,0.473155
5c,Jh,0.471935
5c,Js,0.473945
5c,Qc,0.52734
5c,Qd,0.513785
5c,Qh,0.515845
5c,Qs,0.51194
5c,Kc,0.57285
5c,Kd,0.5575
5c,Kh,0.55757
5c,Ks,0.558665
5c,Ac,0.620915
5c,Ad,0.61234
5c,Ah,0.60991
5c,As,0.610165
5d,5h,0.67075
5d,5s,0.66919
5d,6c,0.35627
5d,6d,0.377955
5d,6h,0.359335
5d,6s,0.35832
5d,7c,0.370195
5d,7d,0.39135
5d,7h,0.373255
5d,7s,0.37189
5d,8c,0.389785
5d,8d,0.40739
5d,8h,0.387635
5d,8s,0.38614
5d,9c,0.407745
5d,9d,0.428095
5d,9h,0.407805
5d,9s,0.410425
5d,Tc,0.43405
5d,Td,0.452395
5d,Th,0.43737
5d,Ts,0.43731
5d,Jc,0.471995
5d,Jd,0.489205
5d,Jh,0.474695
5d,Js,0.472925
5d,Qc,0.51596
5d,Qd,0.527745
5d,Qh,0.510085
5d,Qs,0.512985
5d,Kc,0.558745
5d,Kd,0.57416
5d,Kh,0.55449
5d,Ks,0.557355
5d,Ac,0.60962
5d,Ad,0.62227
5d,Ah,0.606485
5d,As,0.610205
5h,5s,0.66877
5h,6c,0.355345
5h,6d,0.35721
5h,6h,0.37935
5h,6s,0.356805
5h,7c,0.371525
5h,7d,0.372755
5h,7h,0.3891
5h,7s,0.37207
5h,8c,0.38948
5h,8d,0.387075
5h,8h,0.40734
5h,8s,0.387345
5h,9c,0.40961
5h,9d,0.410585
5h,9h,0.427455
5h,9s,0.409015
5h,Tc,0.43648
5h,Td,0.43637
5h,Th,0.453705
5h,Ts,0.435415
5h,Jc,0.475815
5h,Jd,0.471795
5h,Jh,0.490265
5h,Js,0.47314
5h,Qc,0.514965
5h,Qd,0.510565
5h,Qh,0.524745
5h,Qs,0.51546
5h,Kc,0.55703
5h,Kd,0.55768
5h,Kh,0.57165
5h,Ks,0.55592
5h,Ac,0.611995
5h,Ad,0.608475
5h,Ah,0.62317
5h,As,0.608935
5s,6c,0.35905
5s,6d,0.356635
5s,6h,0.358575
5s,6s,0.37402
5s,7c,0.368955
5s,7d,0.36614
5s,7h,0.37168
5s,7s,0.38976
5s,8c,0.38928
5s,8d,0.38585
5s,8h,0.38609
5s,8s,0.403315
5s,9c,0.411795
5s,9d,0.41183
5s,9h,0.410305
5s,9s,0.430995
5s,Tc,0.436315
5s,Td,0.437225
5s,Th,0.43587
5s,Ts,0.45379
5s,Jc,0.472415
5s,Jd,0.472605
5s,Jh,0.472495
5s,Js,0.489865
5s,Qc,0.5144
5s,Qd,0.512775
5s,Qh,0.515255
5s,Qs,0.52749
5s,Kc,0.556255
5s,Kd,0.557275
5s,Kh,0.55638
5s,Ks,0.569145
5s,Ac,0.610345
5s,Ad,0.610865
5s,Ah,0.607205
5s,As,0.621975
6c,6d,0.69608
6c,6h,0.696935
6c,6s,0.697075
6c,7c,0.40534
6c,7d,0.387475
6c,7h,0.387075
6c,7s,0.385445
6c,8c,0.42319
6c,8d,0.406695
6c,8h,0.404525
6c,8s,0.40458
6c,9c,0.44716
6c,9d,0.424525
6c,9h,0.42756
6c,9s,0.42481
6c,Tc,0.470785
6c,Td,0.44954
6c,Th,0.45255
6c,Ts,0.452905
6c,Jc,0.49974
6c,Jd,0.48422
6c,Jh,0.482235
6c,Js,0.48233
6c,Qc,0.538235
6c,Qd,0.52495
6c,Qh,0.51808
6c,Qs,0.52106
6c,Kc,0.58361
6c,Kd,0.567115
6c,Kh,0.568155
6c,Ks,0.56961
6c,Ac,0.628635
6c,Ad,0.61452
6c,Ah,0.61597
6c,As,0.614035
6d,6h,0.698785
6d,6s,0.69641
6d,7c,0.386155
6d,7d,0.405325
6d,7h,0.38547
6d,7s,0.38637
6d,8c,0.403895
6d,8d,0.422395
6d,8h,0.40326
6d,8s,0.4065
6d,9c,0.430225
6d,9d,0.447495
6d,9h,0.4275
6d,9s,0.425675
6d,Tc,0.4518
6d,Td,0.4716
6d,Th,0.45324
6d,Ts,0.45144
6d,Jc,0.480195
6d,Jd,0.498775
6d,Jh,0.482475
6d,Js,0.48218
6d,Qc,0.524275
6d,Qd,0.538875
6d,Qh,0.5243
6d,Qs,0.52493
6d,Kc,0.56898
6d,Kd,0.583195
6d,Kh,0.566635
6d,Ks,0.568115
6d,Ac,0.615305
6d,Ad,0.6269
6d,Ah,0.61487
6d,As,0.613905
6h,6s,0.69748
6h,7c,0.386085
6h,7d,0.385405
6h,7h,0.40415
6h,7s,0.38884
6h,8c,0.40552
6h,8d,0.403895
6h,8h,0.422675
6h,8s,0.405315
6h,9c,0.42545
6h,9d,0.42585
6h,9h,0.44549
6h,9s,0.42884
6h,Tc,0.453245
6h,Td,0.45391
6h,Th,0.47186
6h,Ts,0.44984
6h,Jc,0.48227
6h,Jd,0.48388
6h,Jh,0.4974
6h,Js,0.484495
6h,Qc,0.527225
6h,Qd,0.524465
6h,Qh,0.53901
6h,Qs,0.521365
6h,Kc,0.570145
6h,Kd,0.56689
6h,Kh,0.582495
6h,Ks,0.566535
6h,Ac,0.614595
6h,Ad,0.615
6h,Ah,0.627255
6h,As,0.616415
6s,7c,0.387345
6s,7d,0.38751
6s,7h,0.38842
6s,7s,0.404875
6s,8c,0.40664
6s,8d,0.40628
6s,8h,0.4048
6s,8s,0.425025
6s,9c,0.426345
6s,9d,0.428905
6s,9h,0.42784
6s,9s,0.44544
6s,Tc,0.4539
6s,Td,0.45081
6s,Th,0.45201
6s,Ts,0.467355
6s,Jc,0.48185
6s,Jd,0.48242
6s,Jh,0.48463
6s,Js,0.50139
6s,Qc,0.52218
6s,Qd,0.5221
6s,Qh,0.528215
6s,Qs,0.54144
6s,Kc,0.567175
6s,Kd,0.564765
6s,Kh,0.567595
6s,Ks,0.583005
6s,Ac,0.615995
6s,Ad,0.615025
6s,Ah,0.613745
6s,As,0.625655
7c,7d,0.72146
7c,7h,0.724625
7c,7s,0.728765
7c,8c,0.440425
7c,8d,0.421345
7c,8h,0.421435
7c,8s,0.421245
7c,9c,0.45842
7c,9d,0.444805
7c,9h,0.442855
7c,9s,0.446665
7c,Tc,0.484475
7c,Td,0.46828
7c,Th,0.467205
7c,Ts,0.46687
7c,Jc,0.51334
7c,Jd,0.49773
7c,Jh,0.499605
7c,Js,0.500205
7c,Qc,0.547355
7c,Qd,0.53157
7c,Qh,0.5333
7c,Qs,0.5342
7c,Kc,0.592
7c,Kd,0.57897
7c,Kh,0.576045
7c,Ks,0.577545
7c,Ac,0.63549
7c,Ad,0.625595
7c,Ah,0.62529
7c,As,0.625445
7d,7h,0.72433
7d,7s,0.72469
7d,8c,0.422075
7d,8d,0.43783
7d,8h,0.41979
7d,8s,0.41913
7d,9c,0.443775
7d,9d,0.45923
7d,9h,0.44525
7d,9s,0.442065
7d,Tc,0.470405
7d,Td,0.48853
7d,Th,0.468175
7d,Ts,0.47117
7d,Jc,0.497625
7d,Jd,0.515055
7d,Jh,0.50096
7d,Js,0.498455
7d,Qc,0.53044
7d,Qd,0.54667
7d,Qh,0.53248
7d,Qs,0.53133
7d,Kc,0.577215
7d,Kd,0.58813
7d,Kh,0.576945
7d,Ks,0.57652
7d,Ac,0.62519
7d,Ad,0.63843
7d,Ah,0.62773
7d,As,0.625805
7h,7s,0.726265
7h,8c,0.42153
7h,8d,0.421635
7h,8h,0.440055
7h,8s,0.42027
7h,9c,0.440715
7h,9d,0.443945
7h,9h,0.46015
7h,9s,0.44235
7h,Tc,0.46787
7h,Td,0.467315
7h,Th,0.484295
7h,Ts,0.4675
7h,Jc,0.50119
7h,Jd,0.49865
7h,Jh,0.514675
7h,Js,0.49749
7h,Qc,0.535455
7h,Qd,0.532545
7h,Qh,0.54699
7h,Qs,0.533665
7h,Kc,0.576075
7h,Kd,0.578285
7h,Kh,0.593975
7h,Ks,0.579155
7h,Ac,0.624435
7h,Ad,0.622535
7h,Ah,0.637945
7h,As,0.626475
7s,8c,0.420685
7s,8d,0.42345
7s,8h,0.422845
7s,8s,0.43978
7s,9c,0.443675
7s,9d,0.44294
7s,9h,0.44507
7s,9s,0.4618
7s,Tc,0.46702
7s,Td,0.469025
7s,Th,0.46932
7s,Ts,0.484625
7s,Jc,0.50077
7s,Jd,0.49578
7s,Jh,0.496845
7s,Js,0.51568
7s,Qc,0.532505
7s,Qd,0.53393
7s,Qh,0.53102
7s,Qs,0.548225
7s,Kc,0.576695
7s,Kd,0.580075
7s,Kh,0.578795
7s,Ks,0.589845
7s,Ac,0.624025
7s,Ad,0.624125
7s,Ah,0.625935
7s,As,0.63715
8c,8d,0.752175
8c,8h,0.752255
8c,8s,0.753525
8c,9c,0.47704
8c,9d,0.458615
8c,9h,0.455905
8c,9s,0.45645
8c,Tc,0.50238
8c,Td,0.48327
8c,Th,0.483895
8c,Ts,0.484205
8c,Jc,0.52957
8c,Jd,0.514
8c,Jh,0.512785
8c,Js,0.516085
8c,Qc,0.56272
8c,Qd,0.55074
8c,Qh,0.54783
8c,Qs,0.548455
8c,Kc,0.601165
8c,Kd,0.58936
8c,Kh,0.587415
8c,Ks,0.586925
8c,Ac,0.646905
8c,Ad,0.636885
8c,Ah,0.635775
8c,As,0.636225
8d,8h,0.753325
8d,8s,0.75155
8d,9c,0.45731
8d,9d,0.475665
8d,9h,0.459015
8d,9s,0.459105
8d,Tc,0.48485
8d,Td,0.502935
8d,Th,0.48582
8d,Ts,0.485005
8d,Jc,0.514075
8d,Jd,0.53008
8d,Jh,0.5152
8d,Js,0.51286
8d,Qc,0.550235
8d,Qd,0.565165
8d,Qh,0.54767
8d,Qs,0.54798
8d,Kc,0.586025
8d,Kd,0.604225
8d,Kh,0.5874
8d,Ks,0.58793
8d,Ac,0.63679
8d,Ad,0.64807
8d,Ah,0.637135
8d,As,0.63742
8h,8s,0.751415
8h,9c,0.457355
8h,9d,0.457395
8h,9h,0.47272
8h,9s,0.46038
8h,Tc,0.48532
8h,Td,0.48531
8h,Th,0.49882
8h,Ts,0.48649
8h,Jc,0.51391
8h,Jd,0.51226
8h,Jh,0.532015
8h,Js,0.51533
8h,Qc,0.55249
8h,Qd,0.548665
8h,Qh,0.5653
8h,Qs,0.550645
8h,Kc,0.58817
8h,Kd,0.58878
8h,Kh,0.60228
8h,Ks,0.587145
8h,Ac,0.633905
8h,Ad,0.63726
8h,Ah,0.64742
8h,As,0.63671
8s,9c,0.45958
8s,9d,0.456735
8s,9h,0.45727
8s,9s,0.47569
8s,Tc,0.483905
8s,Td,0.485635
8s,Th,0.483295
8s,Ts,0.5003
8s,Jc,0.515665
8s,Jd,0.51758
8s,Jh,0.51249
8s,Js,0.532175
8s,Qc,0.548665
8s,Qd,0.548635
8s,Qh,0.545775
8s,Qs,0.562295
8s,Kc,0.588185
8s,Kd,0.58657
8s,Kh,0.58815
8s,Ks,0.60228
8s,Ac,0.63984
8s,Ad,0.634575
8s,Ah,0.636055
8s,As,0.648995
9c,9d,0.779935
9c,9h,0.778395
9c,9s,0.779505
9c,Tc,0.513095
9c,Td,0.49987
9c,Th,0.50247
9c,Ts,0.49902
9c,Jc,0.54237
9c,Jd,0.529255
9c,Jh,0.530915
9c,Js,0.527615
9c,Qc,0.578605
9c,Qd,0.56656
9c,Qh,0.56389
9c,Qs,0.563585
9c,Kc,0.616135
9c,Kd,0.602485
9c,Kh,0.602325
9c,Ks,0.60065
9c,Ac,0.657695
9c,Ad,0.64445
9c,Ah,0.64768
9c,As,0.64089
9d,9h,0.779985
9d,9s,0.78175
9d,Tc,0.49854
9d,Td,0.516005
9d,Th,0.49775
9d,Ts,0.49798
9d,Jc,0.53157
9d,Jd,0.54421
9d,Jh,0.530135
9d,Js,0.5294
9d,Qc,0.56753
9d,Qd,0.576665
9d,Qh,0.56047
9d,Qs,0.56453
9d,Kc,0.604155
9d,Kd,0.61714
9d,Kh,0.60298
9d,Ks,0.60383
9d,Ac,0.64635
9d,Ad,0.65883
9d,Ah,0.648215
9d,As,0.6458
9h,9s,0.77574
9h,Tc,0.501355
9h,Td,0.49872
9h,Th,0.514445
9h,Ts,0.49999
9h,Jc,0.528185
9h,Jd,0.527685
9h,Jh,0.545345
9h,Js,0.529335
9h,Qc,0.56342
9h,Qd,0.564075
9h,Qh,0.5769
9h,Qs,0.5634
9h,Kc,0.60333
9h,Kd,0.60555
9h,Kh,0.616565
9h,Ks,0.603645
9h,Ac,0.645615
9h,Ad,0.643835
9h,Ah,0.6577
9h,As,0.64806
9s,Tc,0.49727
9s,Td,0.49827
9s,Th,0.499475
9s,Ts,0.51412
9s,Jc,0.52719
9s,Jd,0.53137
9s,Jh,0.529315
9s,Js,0.544865
9s,Qc,0.56555
9s,Qd,0.5641
9s,Qh,0.56527
9s,Qs,0.576475
9s,Kc,0.6032
9s,Kd,0.60466
9s,Kh,0.604435
9s,Ks,0.61698
9s,Ac,0.646285
9s,Ad,0.64655
9s,Ah,0.64888
9s,As,0.659585
Tc,Td,0.807705
Tc,Th,0.805405
Tc,Ts,0.80622
Tc,Jc,0.560225
Tc,Jd,0.54288
Tc,Jh,0.54428
Tc,Js,0.544955
Tc,Qc,0.59164
Tc,Qd,0.581065
Tc,Qh,0.578315
Tc,Qs,0.576075
Tc,Kc,0.62973
Tc,Kd,0.61904
Tc,Kh,0.618815
Tc,Ks,0.61681
Tc,Ac,0.672545
Tc,Ad,0.662565
Tc,Ah,0.658775
Tc,As,0.662845
Td,Th,0.805225
Td,Ts,0.80898
Td,Jc,0.547445
Td,Jd,0.55911
Td,Jh,0.54365
Td,Js,0.54683
Td,Qc,0.576555
Td,Qd,0.59302
Td,Qh,0.57982
Td,Qs,0.57775
Td,Kc,0.61996
Td,Kd,0.631175
Td,Kh,0.61619
Td,Ks,0.61763
Td,Ac,0.66171
Td,Ad,0.67257
Td,Ah,0.65999
Td,As,0.662005
Th,Ts,0.80492
Th,Jc,0.54419
Th,Jd,0.54412
Th,Jh,0.56024
Th,Js,0.544505
Th,Qc,0.579735
Th,Qd,0.57577
Th,Qh,0.59344
Th,Qs,0.580105
Th,Kc,0.619695
Th,Kd,0.61622
Th,Kh,0.62989
Th,Ks,0.61729
Th,Ac,0.662865
Th,Ad,0.66007
Th,Ah,0.670285
Th,As,0.66474
Ts,Jc,0.542425
Ts,Jd,0.54298
Ts,Jh,0.542775
Ts,Js,0.56228
Ts,Qc,0.579635
Ts,Qd,0.57736
Ts,Qh,0.578455
Ts,Qs,0.59046
Ts,Kc,0.61562
Ts,Kd,0.613175
Ts,Kh,0.61819
Ts,Ks,0.629545
Ts,Ac,0.661
Ts,Ad,0.66302
Ts,Ah,0.66001
Ts,As,0.672225
Jc,Jd,0.830625
Jc,Jh,0.83302
Jc,Js,0.83168
Jc,Qc,0.603945
Jc,Qd,0.58751
Jc,Qh,0.58886
Jc,Qs,0.58905
Jc,Kc,0.637355
Jc,Kd,0.624665
Jc,Kh,0.62737
Jc,Ks,0.627955
Jc,Ac,0.683275
Jc,Ad,0.67066
Jc,Ah,0.66897
Jc,As,0.671675
Jd,Jh,0.83207
Jd,Js,0.83156
Jd,Qc,0.585685
Jd,Qd,0.602215
Jd,Qh,0.587825
Jd,Qs,0.5887
Jd,Kc,0.627115
Jd,Kd,0.64068
Jd,Kh,0.624385
Jd,Ks,0.62693
Jd,Ac,0.67116
Jd,Ad,0.683195
Jd,Ah,0.671055
Jd,As,0.670555
Jh,Js,0.830805
Jh,Qc,0.588485
Jh,Qd,0.58743
Jh,Qh,0.601235
Jh,Qs,0.58701
Jh,Kc,0.628965
Jh,Kd,0.625115
Jh,Kh,0.641085
Jh,Ks,0.628915
Jh,Ac,0.66911
Jh,Ad,0.672965
Jh,Ah,0.681875
Jh,As,0.672565
Js,Qc,0.589695
Js,Qd,0.589585
Js,Qh,0.588295
Js,Qs,0.602615
Js,Kc,0.62714
Js,Kd,0.62391
Js,Kh,0.628215
Js,Ks,0.640475
Js,Ac,0.67133
Js,Ad,0.67109
Js,Ah,0.669795
Js,As,0.68238
Qc,Qd,0.857735
Qc,Qh,0.857015
Qc,Qs,0.858885
Qc,Kc,0.649795
Qc,Kd,0.63495
Qc,Kh,0.63551
Qc,Ks,0.637915
Qc,Ac,0.69071
Qc,Ad,0.679785
Qc,Ah,0.6824
Qc,As,0.681655
Qd,Qh,0.85799
Qd,Qs,0.85696
Qd,Kc,0.638245
Qd,Kd,0.649965
Qd,Kh,0.638215
Qd,Ks,0.63744
Qd,Ac,0.68127
Qd,Ad,0.690475
Qd,Ah,0.680445
Qd,As,0.681915
Qh,Qs,0.8559
Qh,Kc,0.637195
Qh,Kd,0.63907
Qh,Kh,0.650245
Qh,Ks,0.64081
Qh,Ac,0.682565
Qh,Ad,0.680285
Qh,Ah,0.690575
Qh,As,0.68136
Qs,Kc,0.63828
Qs,Kd,0.63778
Qs,Kh,0.637145
Qs,Ks,0.649705
Qs,Ac,0.68262
Qs,Ad,0.679295
Qs,Ah,0.68221
Qs,As,0.69263
Kc,Kd,0.88103
Kc,Kh,0.88428
Kc,Ks,0.88426
Kc,Ac,0.69943
Kc,Ad,0.689495
Kc,Ah,0.69161
Kc,As,0.691355
Kd,Kh,0.884155
Kd,Ks,0.88429
Kd,Ac,0.69293
Kd,Ad,0.69861
Kd,Ah,0.68849
Kd,As,0.690505
Kh,Ks,0.885885
Kh,Ac,0.69042
Kh,Ad,0.688945
Kh,Ah,0.704785
Kh,As,0.688785
Ks,Ac,0.689905
Ks,Ad,0.690755
Ks,Ah,0.692505
Ks,As,0.70476
Ac,Ad,0.90879
Ac,Ah,0.909935
Ac,As,0.91
Ad,Ah,0.91068
Ad,As,0.90993
Ah,As,0.91157
